John,23,Bangkok
anna,21,chiang mai
JOHN,24,Bangkok
Peter,22,Phuket
Sara,25,Bangkok
mike-23-bkk
LISA;,21,;,CHIANGMAI
Tom,24,Pattaya
Emma,20Bangkok
Noah,25,Phuket
23:Bangkok
Sophia,22,ChiangMai
Ava,21,Bangkok
liam,24,BKK
Mia,-,23,-,Phuket
James,24Bangkok
Lucas,22,Chiangmai
Isabella,21,Bangkok
25:Phuket
Mason,23,Bangkok
Logan,24,Pattaya
Aria,22,BKK
Grace,21,Chiangmai
Henry,23,Bangkok
Amelia-22-Phuket
24:Bangkok
Charlotte,21Bangkok
Daniel,23,ChiangMai
Harper,22,Phuket
Jack,25,Bangkok
21:BKK
Sebastian,24,Chiangmai
Ella,23,Bangkok
David,22,Phuket
Scarlett,21Bangkok
Joseph-24-BKK
23:Chiangmai
Chloe,22,Bangkok
Matthew,25,Phuket
Victoria,21,Bangkok
Samuel,23,BKK
Zoe,22,Chiangmai
24:Bangkok
Natalie,21Phuket
Ryan,23,Bangkok
Hannah,22,ChiangMai
Christian,24,Bangkok
Lily,21,Phuket
23:BKK
Sofia,22Bangkok
Aaron,25,Chiangmai
Ellie,21,Bangkok
Isaac,24,Phuket
22:BKK
Connor,23Bangkok
Penelope,21,ChiangMai
Eli,25,Phuket
Stella,22,Bangkok
23:BKK
Addison,21,Chiangmai
Luke,24,Bangkok
Aurora,22Phuket
Jordan,23,Bangkok
25:BKK
Bella,21,ChiangMai
Hunter,22,Phuket
Layla,24,Bangkok
23:BKK
Riley,21Chiangmai
Dylan,22,Bangkok
Zoey,25,Phuket
Anthony,24,Bangkok
21:BKK
Isaiah,23,ChiangMai
Savannah,22,Phuket
Charles,24Bangkok
Lillian,21,BKK
Thomas,23,Chiangmai
Brooklyn,22,Phuket
Christopher,25,Bangkok
21:BKK
Josiah,24,ChiangMai
Paisley,22,Bangkok
Hudson,23,Phuket
Violet,21BKK
Ezra,22,Chiangmai
Caroline,24,Bangkok
23:Phuket
Kennedy,21,BKK
Miles,25,ChiangMai
Skylar,22,Bangkok
Adam,24Phuket
21:BKK
Jaxon,23,ChiangMai
